<?xml version="1.0" encoding="utf-8"?>
<ruleset xmlns:xsi="http://www.w3.org/2001/XMLSchema-instance" name="Default Gearset ruleset for PMD (Salesforce.com Apex)" xsi:schemaLocation="http://pmd.sourceforge.net/ruleset/2.0.0 http://pmd.sourceforge.net/ruleset_2_0_0.xsd" xmlns="http://pmd.sourceforge.net/ruleset/2.0.0">
  <description>Default Gearset ruleset based on that used by the Code Climate Engine for Salesforce.com Apex</description>
  <exclude-pattern>.*someclass.*</exclude-pattern>
  <rule ref="rulesets/apex/complexity.xml/ExcessiveClassLength" message="Avoid really long classes (lines of code)">
    <priority>1</priority>
    <properties>
      <property name="minimum" value="1000" />
    </properties>
  </rule>
  <rule ref="rulesets/apex/complexity.xml/ExcessiveParameterList" message="Avoid long parameter lists">
    <priority>1</priority>
    <properties>
      <property name="minimum" value="4" />
    </properties>
  </rule>
  <rule ref="rulesets/apex/complexity.xml/ExcessivePublicCount" message="This class has too many public methods and attributes">
    <priority>1</priority>
    <properties>
      <property name="minimum" value="25" />
    </properties>
  </rule>
  <rule ref="rulesets/apex/complexity.xml/NcssConstructorCount" message="The constructor has an NCSS line count of {0}">
    <priority>1</priority>
    <properties>
      <property name="minimum" value="20" />
    </properties>
  </rule>
  <rule ref="rulesets/apex/complexity.xml/NcssMethodCount" message="The method {0}() has an NCSS line count of {1}">
    <priority>1</priority>
    <properties>
      <property name="minimum" value="60" />
    </properties>
  </rule>
  <rule ref="rulesets/apex/complexity.xml/NcssTypeCount" message="The type has an NCSS line count of {0}">
    <priority>1</priority>
    <properties>
      <property name="minimum" value="700" />
    </properties>
  </rule>
  <rule ref="rulesets/apex/complexity.xml/StdCyclomaticComplexity" message="The {0} ''{1}'' has a Standard Cyclomatic Complexity of {2}.">
    <priority>1</priority>
    <properties>
      <property name="reportLevel" value="10" />
    </properties>
  </rule>
  <rule ref="rulesets/apex/complexity.xml/TooManyFields" message="Too many fields">
    <priority>1</priority>
    <properties>
      <property name="maxfields" value="20" />
    </properties>
  </rule>
  <rule ref="rulesets/apex/complexity.xml/AvoidDeeplyNestedIfStmts" message="Deeply nested if..else statements are hard to read">
    <priority>1</priority>
    <properties>
      <property name="problemDepth" value="4" />
    </properties>
  </rule>
  <rule ref="rulesets/apex/performance.xml/AvoidSoqlInLoops" message="Avoid Soql queries inside loops">
    <priority>1</priority>
  </rule>
  <rule ref="rulesets/apex/performance.xml/AvoidDmlStatementsInLoops" message="Avoid DML Statements inside loops">
    <priority>1</priority>
  </rule>
  <rule ref="rulesets/apex/style.xml/AvoidLogicInTrigger" message="Avoid logic in triggers">
    <priority>3</priority>
  </rule>
  <rule ref="rulesets/apex/style.xml/AvoidGlobalModifier" message="Avoid using global modifier">
    <priority>3</priority>
  </rule>
  <rule ref="rulesets/apex/style.xml/ClassNamingConventions" message="Class names should begin with an uppercase character">
    <priority>3</priority>
  </rule>
  <rule ref="rulesets/apex/style.xml/MethodNamingConventions" message="Method name does not begin with a lower case character.">
    <priority>3</priority>
  </rule>
  <rule ref="rulesets/apex/style.xml/MethodWithSameNameAsEnclosingClass" message="Classes should not have non-constructor methods with the same name as the class">
    <priority>3</priority>
  </rule>
  <rule ref="rulesets/apex/style.xml/VariableNamingConventions" message="{0} variable {1} should begin with {2}">
    <priority>3</priority>
  </rule>
  <rule ref="rulesets/apex/apexunit.xml/ApexUnitTestShouldNotUseSeeAllDataTrue" message="@isTest(seeAllData=true) should not be used in Apex unit tests because it opens up the existing database data for unexpected modification by tests">
    <priority>1</priority>
  </rule>
  <rule ref="rulesets/apex/apexunit.xml/ApexUnitTestClassShouldHaveAsserts" message="Apex unit test classes should have at least one System.assert() or assertEquals() or AssertNotEquals() call">
    <priority>1</priority>
  </rule>
  <rule ref="rulesets/apex/security.xml/ApexSharingViolations" message="Apex classes should declare a sharing model if DML or SOQL is used">
    <priority>1</priority>
  </rule>
  <rule ref="rulesets/apex/security.xml/ApexInsecureEndpoint" message="Apex callouts should use encrypted communication channels">
    <priority>1</priority>
  </rule>
  <rule ref="rulesets/apex/security.xml/ApexCSRF" message="Avoid making DML operations in Apex class constructor/init method">
    <priority>1</priority>
  </rule>
  <rule ref="rulesets/apex/security.xml/ApexOpenRedirect" message="Apex classes should safely redirect to a known location">
    <priority>1</priority>
  </rule>
  <rule ref="rulesets/apex/security.xml/ApexSOQLInjection" message="Apex classes should escape variables merged in DML query">
    <priority>1</priority>
  </rule>
  <rule ref="rulesets/apex/security.xml/ApexXSSFromURLParam" message="Apex classes should escape Strings obtained from URL parameters">
    <priority>1</priority>
  </rule>
  <rule ref="rulesets/apex/security.xml/ApexXSSFromEscapeFalse" message="Apex classes should escape addError strings">
    <priority>1</priority>
  </rule>
  <rule ref="rulesets/apex/security.xml/ApexBadCrypto" message="Apex Crypto should use random IV/key">
    <priority>1</priority>
  </rule>
</ruleset>